Filename,Category
Test1001.jpg,Negative
Test1012.jpg,Random
Test1022.jpg,Positive
Test1071.jpg,Negative
Test1122.jpg,Positive
Test1161.jpg,Random
Test1199.jpg,Random
Test1229.jpg,Negative
Test1240.jpg,Positive
Test1271.jpg,Positive
Test1279.jpg,Random
Test1290.jpg,Random
Test1353.jpg,Random
Test1359.jpg,Random
Test1615.jpg,Positive
Test1620.jpg,Negative
Test1634.jpg,Random
Test1644.jpg,Random
Test1717.jpg,Positive
Test1724.jpg,Negative
Test1743.jpg,Negative
Test1767.jpg,Random
Test1776.jpg,Positive
Test1785.jpg,Negative
Test1788.jpg,Random
Test1803.jpg,Random
Test1818.jpg,Random
Test1837.jpg,Negative
Test1856.jpg,Random
Test1872.jpg,Positive
Test1884.jpg,Positive
Test1885.jpg,Random
Test1889.jpg,Random
Test1902.jpg,Positive
Test1923.jpg,Negative
Test1934.jpg,Random
Test1954.jpg,Random
Test1992.jpg,Random
Test2007.jpg,Negative
Test2049.jpg,Random
Test2068.jpg,Negative
Test2114.jpg,Random
Test2209.jpg,Negative
Test2235.jpg,Random
Test2280.jpg,Random
Test2309.jpg,Random
Test2371.jpg,Negative
Test2411.jpg,Random
Test2424.jpg,Negative
Test2434.jpg,Random
Test2455.jpg,Random
Test2590.jpg,Random
Test2616.jpg,Positive
Test2648.jpg,Random
Test2650.jpg,Random
Test2743.jpg,Random
Test2791.jpg,Positive
Test2792.jpg,Negative
Test2870.jpg,Negative
Test2959.jpg,Positive
Test2962.jpg,Negative
Test2977.jpg,Random
Test3024.jpg,Random
Test3030.jpg,Negative
Test3118.jpg,Positive
Test3130.jpg,Positive
Test3159.jpg,Random
Test3177.jpg,Random
Test3246.jpg,Positive
Test3265.jpg,Negative
Test3277.jpg,Random
Test3294.jpg,Random
Test3360.jpg,Random
Test3512.jpg,Random
Test3525.jpg,Positive
Test3566.jpg,Random
Test3625.jpg,Random
Test3706.jpg,Positive
Test3749.jpg,Negative
Test3750.jpg,Negative
Test3789.jpg,Random
Test3798.jpg,Positive
Test3827.jpg,Negative
Test3863.jpg,Random
Test3864.jpg,Negative
Test3893.jpg,Negative
Test3934.jpg,Positive
Test3975.jpg,Random
Test3985.jpg,Random
Test353.jpg,Negative
Test360.jpg,Positive
Test372.jpg,Negative
Test374.jpg,Random
Test378.jpg,Negative
Test396.jpg,Positive
Test397.jpg,Negative
Test400.jpg,Positive
Test417.jpg,Negative
Test422.jpg,Positive
Test440.jpg,Random
Test449.jpg,Negative
Test482.jpg,Positive
Test489.jpg,Negative
Test490.jpg,Random
Test498.jpg,Negative
Test516.jpg,Negative
Test519.jpg,Negative
Test522.jpg,Negative
Test523.jpg,Negative
Test526.jpg,Random
Test527.jpg,Positive
Test533.jpg,Negative
Test536.jpg,Random
Test545.jpg,Negative
Test579.jpg,Positive
Test581.jpg,Positive
Test587.jpg,Random
Test606.jpg,Negative
Test612.jpg,Random
Test614.jpg,Random
Test624.jpg,Random
Test644.jpg,Positive
Test660.jpg,Positive
Test661.jpg,Random
Test665.jpg,Negative
Test668.jpg,Negative
Test677.jpg,Random
Test715.jpg,Positive
Test751.jpg,Random
Test757.jpg,Negative
Test760.jpg,Positive
Test761.jpg,Positive
Test778.jpg,Random
Test779.jpg,Positive
Test789.jpg,Negative
Test803.jpg,Random
Test811.jpg,Random
Test812.jpg,Positive
Test824.jpg,Random
Test833.jpg,Negative
Test834.jpg,Negative
Test835.jpg,Positive
Test837.jpg,Random
Test843.jpg,Positive
Test859.jpg,Negative
Test861.jpg,Random
Test884.jpg,Positive
Test890.jpg,Random
Test903.jpg,Negative
Test912.jpg,Positive
Test929.jpg,Positive
Test937.jpg,Positive
Test941.jpg,Positive
Test942.jpg,Random
Test945.jpg,Negative
Test946.jpg,Negative
Test957.jpg,Negative
Test979.jpg,Random
Test993.jpg,Negative
Test100.jpg,Random
Test103.jpg,Random
Test105.jpg,Negative
Test107.jpg,Negative
Test108.jpg,Random
Test109.jpg,Random
Test113.jpg,Random
Test114.jpg,Random
Test117.jpg,Random
Test119.jpg,Positive
Test122.jpg,Random
Test125.jpg,Negative
Test126.jpg,Random
Test128.jpg,Random
Test129.jpg,Random
Test131.jpg,Random
Test132.jpg,Random
Test133.jpg,Random
Test134.jpg,Random
Test135.jpg,Positive
Test136.jpg,Random
Test140.jpg,Random
Test141.jpg,Random
Test143.jpg,Random
Test144.jpg,Random
Test145.jpg,Random
Test149.jpg,Random
Test151.jpg,Random
Test152.jpg,Random
Test154.jpg,Negative
Test158.jpg,Random
Test160.jpg,Random
Test161.jpg,Random
Test162.jpg,Random
Test164.jpg,Random
Test165.jpg,Random
Test166.jpg,Random
Test168.jpg,Random
Test172.jpg,Random
Test173.jpg,Random
Test176.jpg,Random
Test179.jpg,Negative
Test180.jpg,Random
Test181.jpg,Random
Test183.jpg,Random
Test187.jpg,Random
Test188.jpg,Random
Test191.jpg,Positive
Test192.jpg,Random
Test194.jpg,Random
Test198.jpg,Positive
Test201.jpg,Random
Test204.jpg,Random
Test206.jpg,Negative
Test209.jpg,Random
Test211.jpg,Random
Test212.jpg,Positive
Test213.jpg,Random
Test216.jpg,Random
Test218.jpg,Positive
Test221.jpg,Random
Test225.jpg,Random
Test227.jpg,Random
Test228.jpg,Random
Test230.jpg,Positive
Test231.jpg,Random
Test232.jpg,Random
Test233.jpg,Random
Test234.jpg,Random
Test236.jpg,Random
Test237.jpg,Random
Test238.jpg,Random
Test239.jpg,Negative
Test240.jpg,Random
Test242.jpg,Negative
Test243.jpg,Positive
Test244.jpg,Random
Test245.jpg,Negative
Test249.jpg,Random
Test250.jpg,Positive
